alpha,optimization_time,n_selected,cost_value
0.5,0.01711416244506836,3,-0.09342655220848428
0.75,0.009843111038208008,3,-0.14586976398381069
0.875,0.00974583625793457,4,-0.23573411995147353
0.9375,0.009795188903808594,6,-0.31564651839734026
0.96875,0.009790897369384766,11,-0.4719671685135687
0.984375,0.009719133377075195,15,-0.7241039680536536
0.98828125,0.00973200798034668,19,-0.8419962738740343
0.9921875,0.009880781173706055,25,-1.0350767384514206
