alpha,optimization_time,n_selected,cost_value
0.5,0.010549068450927734,3,-0.08943436648326042
0.75,0.008838176727294922,4,-0.1556617048927933
0.875,0.008749961853027344,4,-0.23573313663937512
0.9375,0.008817911148071289,6,-0.31564651839739355
0.96875,0.008738994598388672,11,-0.4719671685135838
0.984375,0.008718013763427734,15,-0.7241039680536572
0.98828125,0.008685111999511719,18,-0.8416244492747351
0.9921875,0.008782148361206055,24,-1.0283926380891417
