alpha,optimization_time,n_selected,cost_value
0.5,0.014610052108764648,4,-0.24119392750898783
0.75,0.011348962783813477,6,-0.4542681552496646
0.875,0.011378049850463867,9,-0.7764345956657408
0.9375,0.011387825012207031,16,-1.3257546866214938
0.96875,0.011380910873413086,25,-2.1019737247471264
0.97265625,0.01137995719909668,28,-2.264533338917733
0.9765625,0.011310815811157227,32,-2.461208668877388
0.984375,0.011225700378417969,41,-3.048211892245678
