alpha,optimization_time,n_selected,cost_value
0.5,0.02254199981689453,4,-0.24119392750898783
0.75,0.011907100677490234,6,-0.4542681552496646
0.875,0.011443138122558594,9,-0.7764345956657408
0.9375,0.011965036392211914,16,-1.3257546866214938
0.96875,0.011981010437011719,25,-2.1019737247471264
0.97265625,0.011623144149780273,28,-2.264533338917733
0.9765625,0.01155400276184082,32,-2.461208668877388
0.984375,0.011848926544189453,41,-3.048211892245678
